age,gestational_age_weeks,first_pregnancy,number_of_children,sleep_quality,stress_level,sadness_frequency,depression_risk
39,23,True,0,poor,medium,often,1
22,32,False,2,average,low,never,0
37,7,False,3,poor,low,often,1
27,10,False,3,average,high,often,0
29,31,True,0,good,high,often,0
32,31,True,0,poor,medium,never,0
34,7,True,0,average,low,never,0
27,25,False,1,average,low,never,0
23,15,False,2,good,high,never,0
35,6,False,2,average,medium,never,0
30,25,True,0,average,medium,sometimes,0
20,5,False,2,good,medium,sometimes,0
41,27,False,1,average,medium,sometimes,0
27,37,True,0,good,medium,sometimes,0
31,30,True,0,poor,high,never,0
23,4,True,0,good,medium,often,0
20,11,True,0,average,medium,never,0
33,26,False,1,average,medium,sometimes,0
24,9,False,2,poor,high,sometimes,1
37,25,True,0,average,medium,often,0
31,28,False,2,poor,low,never,0
26,21,True,0,good,medium,sometimes,0
32,20,True,0,good,medium,sometimes,0
38,15,True,0,poor,high,never,0
20,9,False,2,good,medium,sometimes,0
19,29,False,1,average,high,often,1
44,30,True,0,average,low,often,0
19,11,False,2,average,high,never,0
20,22,False,3,poor,medium,never,0
35,4,True,0,poor,high,never,0
31,32,False,3,average,medium,never,0
37,38,True,0,good,medium,never,0
35,17,True,0,poor,high,never,0
27,38,False,1,good,medium,often,1
42,23,False,3,average,medium,often,1
19,16,False,2,average,medium,never,0
42,11,True,0,average,medium,never,0
39,23,True,0,good,medium,sometimes,0
18,36,False,1,average,medium,never,0
21,29,False,2,average,medium,sometimes,0
31,24,True,0,average,high,sometimes,0
18,12,False,2,poor,medium,often,1
31,27,True,0,poor,high,sometimes,1
33,20,False,3,average,high,sometimes,0
39,27,True,0,average,medium,sometimes,0
31,24,False,3,average,low,never,0
37,16,True,0,average,low,sometimes,0
20,14,False,3,average,medium,sometimes,0
20,22,False,1,average,high,never,0
26,14,True,0,average,medium,never,0
23,16,False,3,good,medium,never,0
42,4,False,3,average,medium,often,0
30,22,False,1,average,medium,never,0
38,15,False,2,poor,medium,never,0
19,11,False,3,average,low,never,0
25,11,False,1,average,high,sometimes,0
38,15,True,0,average,medium,never,0
19,36,True,0,average,low,often,0
21,29,True,0,good,high,often,1
42,31,True,0,poor,low,sometimes,0
32,8,True,0,average,high,sometimes,0
21,11,True,0,average,high,never,0
30,28,False,1,poor,high,never,0
29,30,True,0,poor,high,sometimes,0
30,26,True,0,average,medium,never,0
31,33,False,1,poor,high,never,1
37,26,True,0,poor,medium,sometimes,0
35,23,False,2,poor,high,never,1
23,21,True,0,average,high,often,1
28,21,False,1,average,high,never,0
19,5,False,2,average,high,sometimes,0
40,7,True,0,good,medium,sometimes,0
36,33,True,0,average,high,sometimes,0
36,36,False,3,average,medium,never,0
22,39,False,3,good,high,sometimes,0
36,21,False,2,average,medium,often,1
19,22,False,2,average,medium,sometimes,0
27,31,True,0,average,medium,never,0
42,23,True,0,poor,medium,sometimes,0
19,36,True,0,average,high,sometimes,0
28,15,False,1,average,medium,sometimes,0
35,18,False,1,average,medium,often,0
41,5,True,0,poor,medium,never,0
32,32,True,0,good,high,sometimes,0
26,13,True,0,average,medium,sometimes,0
40,5,True,0,average,low,sometimes,0
36,14,False,2,good,low,often,0
26,16,False,1,average,low,often,0
20,13,False,2,good,medium,sometimes,0
38,17,False,1,average,low,never,0
26,21,True,0,poor,low,never,0
31,12,False,2,average,high,sometimes,0
36,31,False,1,average,high,often,0
24,6,False,1,average,medium,never,0
33,23,False,3,good,high,never,0
33,9,False,1,average,low,never,0
18,30,False,2,average,medium,often,0
21,5,False,2,good,medium,never,0
21,32,True,0,average,medium,sometimes,0
24,6,True,0,average,medium,sometimes,0
25,19,True,0,good,medium,often,1
34,33,False,1,poor,medium,sometimes,0
22,5,True,0,average,high,sometimes,1
24,20,False,2,good,low,never,0
37,15,False,1,average,low,sometimes,0
37,38,True,0,average,low,sometimes,0
21,4,False,1,average,medium,often,0
23,18,False,2,average,medium,never,0
24,29,True,0,good,low,never,0
35,24,True,0,poor,high,never,0
22,34,True,0,poor,medium,never,0
37,28,True,0,poor,low,often,1
20,26,False,1,average,medium,never,0
24,27,False,1,average,low,sometimes,0
44,31,False,1,good,medium,never,0
39,24,False,1,average,medium,never,0
31,21,False,2,average,medium,sometimes,0
24,39,True,0,poor,low,never,0
22,38,False,1,average,medium,never,0
39,12,False,3,average,low,sometimes,0
22,33,False,1,poor,low,sometimes,0
40,37,False,1,poor,medium,never,0
19,35,True,0,poor,medium,often,0
44,6,True,0,poor,medium,sometimes,0
38,6,True,0,average,medium,sometimes,0
39,31,False,1,poor,medium,never,0
23,18,False,1,average,low,never,0
32,26,False,3,good,low,never,0
38,14,True,0,average,high,never,0
27,35,False,3,good,medium,sometimes,0
40,39,False,3,average,high,often,1
43,36,True,0,average,medium,sometimes,0
41,27,True,0,good,medium,never,0
24,37,True,0,poor,medium,sometimes,0
22,31,False,1,good,medium,never,0
18,10,True,0,poor,medium,sometimes,0
30,7,False,1,average,medium,sometimes,0
38,4,False,3,poor,medium,sometimes,0
43,4,True,0,average,medium,often,0
35,23,False,1,average,high,never,0
30,22,False,3,average,high,sometimes,0
38,32,True,0,average,medium,often,0
38,13,False,1,average,medium,sometimes,0
35,21,True,0,poor,low,sometimes,0
22,31,True,0,average,medium,often,0
30,38,True,0,good,medium,never,0
21,34,False,2,average,high,often,1
34,30,False,3,good,medium,never,0
20,14,True,0,good,medium,sometimes,0
34,8,True,0,average,medium,often,0
28,11,False,2,average,high,never,0
38,37,True,0,poor,medium,sometimes,0
37,15,True,0,poor,medium,never,0
40,4,False,2,poor,high,often,1
38,34,False,3,average,low,often,0
43,7,True,0,average,high,sometimes,0
21,8,False,1,average,low,sometimes,0
19,33,False,1,average,high,often,0
37,27,True,0,average,medium,never,0
33,6,False,3,average,medium,sometimes,0
35,14,True,0,average,high,sometimes,0
25,7,False,1,poor,low,never,1
20,29,False,1,poor,medium,never,0
26,30,False,3,average,medium,never,0
37,30,True,0,average,medium,never,0
23,9,False,1,average,medium,often,0
27,18,True,0,average,low,sometimes,0
38,33,True,0,average,low,sometimes,0
27,38,True,0,poor,low,never,0
30,26,False,3,poor,low,never,0
34,9,False,2,average,medium,never,0
26,7,True,0,average,high,sometimes,0
34,21,False,2,average,high,sometimes,0
41,12,True,0,good,high,often,1
26,32,False,3,average,low,sometimes,0
26,16,True,0,average,medium,sometimes,0
18,20,False,2,average,low,sometimes,0
19,35,True,0,average,medium,often,0
33,25,False,1,average,medium,sometimes,0
18,7,True,0,average,low,never,0
27,8,True,0,average,medium,sometimes,0
35,16,True,0,poor,high,sometimes,0
43,37,False,2,average,medium,sometimes,0
25,25,False,1,good,medium,never,0
38,26,True,0,good,low,often,0
28,6,False,3,average,medium,often,0
40,37,False,1,average,high,never,0
19,35,False,3,average,low,often,0
25,24,False,3,average,medium,never,0
44,24,True,0,poor,low,never,0
39,14,True,0,average,medium,never,0
25,7,False,3,average,low,never,0
34,4,False,1,good,high,often,0
32,31,False,2,average,high,never,0
34,27,True,0,average,high,never,0
40,38,True,0,average,medium,never,0
41,16,False,3,average,high,never,0
30,37,False,1,average,medium,never,0
36,14,False,1,poor,medium,sometimes,0
22,39,False,3,average,medium,never,0
29,20,False,3,good,low,often,0
18,38,True,0,average,low,often,0
40,21,True,0,poor,high,never,0
22,25,False,2,average,medium,often,0
25,27,False,3,good,medium,never,0
30,22,True,0,poor,medium,never,0
25,24,True,0,average,high,never,0
42,11,False,2,good,high,never,0
40,31,True,0,average,high,sometimes,0
28,8,True,0,good,medium,sometimes,0
18,20,False,1,average,low,never,0
30,39,False,1,average,medium,sometimes,0
36,22,False,1,average,low,never,0
41,30,True,0,poor,low,sometimes,0
20,37,False,2,poor,medium,never,0
41,14,True,0,average,medium,never,0
34,15,True,0,poor,high,never,0
22,24,False,1,average,medium,never,0
37,14,False,3,good,medium,sometimes,0
38,31,False,2,good,low,often,1
25,8,False,3,average,high,never,0
43,20,False,2,good,high,sometimes,0
31,23,True,0,average,high,sometimes,0
21,15,True,0,average,high,often,0
28,9,True,0,poor,medium,never,0
37,20,True,0,average,medium,sometimes,0
32,22,False,2,average,medium,often,0
36,29,True,0,average,medium,sometimes,0
24,35,False,1,average,medium,never,0
36,9,False,3,poor,medium,never,0
36,39,False,3,average,high,never,0
28,14,False,1,good,high,sometimes,0
43,36,False,1,average,high,sometimes,0
22,27,False,3,good,high,never,0
22,26,True,0,good,medium,sometimes,0
39,18,False,1,good,low,sometimes,0
25,30,True,0,good,low,sometimes,0
27,14,True,0,good,medium,sometimes,0
23,20,False,3,average,high,often,0
32,17,True,0,poor,low,never,0
33,30,False,2,average,high,often,1
34,21,False,3,average,low,never,0
25,31,False,1,average,medium,never,0
25,7,True,0,average,medium,never,0
42,10,True,0,good,low,never,0
26,38,False,2,good,low,never,0
19,12,False,1,good,medium,never,0
32,11,False,3,average,high,often,1
35,20,False,3,poor,medium,never,0
20,20,False,3,poor,medium,sometimes,1
34,36,True,0,average,medium,never,0
21,35,True,0,poor,low,often,0
21,11,False,3,poor,high,sometimes,0
31,22,True,0,good,low,never,0
26,6,True,0,average,high,sometimes,0
26,8,False,3,average,medium,sometimes,0
42,16,False,3,poor,high,sometimes,0
43,34,False,2,average,low,sometimes,0
40,19,False,2,poor,medium,sometimes,0
35,35,True,0,good,low,sometimes,0
27,25,False,1,average,low,sometimes,0
38,32,False,1,average,medium,never,0
21,25,True,0,average,medium,often,0
29,6,False,2,poor,medium,never,0
44,13,False,1,average,low,sometimes,0
25,24,False,2,average,medium,never,0
19,19,False,3,average,high,sometimes,0
39,15,False,1,poor,medium,often,1
30,5,True,0,average,medium,never,0
38,27,True,0,average,medium,never,0
33,38,False,3,good,high,sometimes,0
19,33,False,2,average,medium,often,0
28,33,False,1,average,medium,sometimes,0
27,38,False,3,average,high,never,0
32,22,False,2,average,high,often,1
34,11,False,3,average,medium,sometimes,0
25,29,False,2,average,medium,never,0
35,10,False,3,average,high,never,0
40,33,False,2,good,medium,sometimes,0
26,10,False,1,average,low,never,0
42,6,False,2,good,low,never,0
25,4,True,0,average,high,often,1
44,39,True,0,good,medium,never,0
31,28,True,0,good,high,sometimes,0
43,4,False,1,average,medium,never,0
42,18,True,0,good,medium,sometimes,0
35,16,False,2,poor,low,sometimes,0
39,11,False,2,good,low,never,0
37,8,True,0,average,high,sometimes,0
37,12,False,1,poor,high,never,1
38,4,True,0,average,medium,often,0
29,39,True,0,good,medium,often,0
36,38,False,2,poor,medium,sometimes,0
31,5,True,0,average,medium,sometimes,0
34,26,True,0,average,medium,never,0
41,12,False,2,good,low,sometimes,0
38,37,False,2,average,medium,never,0
20,17,True,0,poor,high,never,1
43,7,False,2,poor,high,sometimes,0
40,33,True,0,average,low,never,0
24,34,True,0,average,high,sometimes,0
34,14,False,3,good,medium,never,0
29,38,False,1,poor,medium,sometimes,0
26,11,False,3,average,low,never,0
32,6,False,3,poor,medium,never,0
35,17,False,1,poor,medium,sometimes,0
38,16,False,3,average,medium,often,0
30,35,True,0,average,high,sometimes,0
38,37,False,3,average,high,never,0
25,22,True,0,good,medium,never,0
31,19,False,2,average,high,often,1
25,5,True,0,good,medium,sometimes,0
31,20,True,0,good,medium,never,0
24,37,False,3,average,medium,often,0
40,19,False,3,good,low,often,0
29,5,False,2,average,medium,often,1
28,5,False,3,poor,medium,often,0
39,29,True,0,average,low,often,0
39,16,True,0,poor,high,never,0
28,34,True,0,average,medium,never,0
42,37,False,2,average,medium,sometimes,0
39,6,False,1,poor,low,sometimes,0
30,11,False,1,poor,medium,sometimes,0
35,26,True,0,good,medium,never,0
19,17,False,1,average,high,sometimes,0
38,30,False,1,poor,medium,sometimes,0
32,32,False,3,average,low,never,0
37,4,False,3,average,medium,never,0
44,20,False,3,average,low,sometimes,0
35,33,True,0,good,medium,sometimes,0
32,16,True,0,average,medium,never,0
36,24,False,3,average,high,sometimes,0
40,22,True,0,good,low,sometimes,0
41,22,True,0,good,medium,sometimes,0
29,28,True,0,poor,low,never,0
30,25,True,0,poor,medium,sometimes,0
39,34,False,3,poor,medium,never,0
28,20,False,3,average,high,often,0
22,26,False,3,average,medium,never,0
18,35,True,0,average,low,sometimes,0
41,13,False,2,good,medium,never,0
20,13,False,1,average,low,sometimes,0
39,39,True,0,poor,low,sometimes,0
36,11,False,3,average,medium,never,0
40,23,True,0,average,low,sometimes,0
24,35,False,3,average,low,never,0
29,17,False,2,average,high,never,1
32,31,True,0,good,medium,sometimes,0
42,27,True,0,average,low,never,0
22,18,False,1,average,medium,often,1
32,25,False,3,average,medium,sometimes,0
25,33,False,3,average,medium,sometimes,0
27,7,False,1,poor,medium,never,0
43,16,True,0,average,low,sometimes,0
33,26,True,0,poor,medium,sometimes,0
25,11,False,3,good,medium,never,0
18,21,True,0,poor,medium,often,1
29,15,False,1,average,high,never,1
22,34,False,3,average,medium,often,0
20,17,False,1,good,medium,never,0
18,37,True,0,poor,medium,often,0
21,21,False,2,poor,medium,sometimes,0
25,37,False,3,poor,low,never,0
20,14,False,3,poor,low,never,0
27,15,False,2,poor,high,sometimes,1
19,18,True,0,average,medium,often,0
28,34,False,1,poor,medium,never,0
42,32,False,1,poor,medium,never,0
27,29,True,0,good,medium,sometimes,0
38,21,True,0,average,low,sometimes,0
31,35,True,0,average,high,sometimes,0
24,25,True,0,average,low,sometimes,0
44,20,True,0,good,high,never,0
44,26,False,3,poor,high,often,1
19,27,True,0,good,high,sometimes,1
26,11,True,0,average,medium,never,0
33,9,False,1,poor,low,sometimes,0
30,8,True,0,good,medium,sometimes,0
26,32,False,3,poor,medium,never,0
37,31,True,0,poor,medium,sometimes,0
21,14,True,0,good,high,never,0
39,4,False,1,average,medium,sometimes,0
27,22,False,2,average,medium,often,0
43,12,False,2,poor,medium,never,0
43,30,False,3,average,medium,never,0
39,37,False,1,average,medium,often,0
29,7,True,0,average,high,often,0
34,39,True,0,average,medium,sometimes,0
31,21,False,2,poor,high,sometimes,0
31,18,False,1,poor,high,sometimes,0
42,16,False,3,good,high,often,1
19,22,False,2,average,low,often,0
38,9,True,0,good,high,never,0
42,15,False,1,average,medium,sometimes,0
37,20,True,0,average,low,sometimes,0
28,26,False,2,poor,medium,sometimes,0
33,29,False,3,average,medium,sometimes,0
36,32,False,1,poor,low,sometimes,0
40,36,False,1,average,low,often,0
23,30,False,1,average,low,never,0
41,28,True,0,good,high,never,0
36,13,False,2,average,low,sometimes,0
22,26,False,2,poor,medium,never,0
43,24,False,2,poor,medium,never,0
21,24,True,0,poor,medium,never,0
32,16,False,3,average,high,sometimes,0
21,36,True,0,average,low,often,0
37,27,True,0,good,medium,sometimes,0
27,14,False,1,poor,medium,sometimes,0
41,20,True,0,average,high,never,1
39,7,True,0,average,medium,sometimes,0
20,28,False,2,average,high,sometimes,0
43,33,False,1,average,low,sometimes,0
22,12,False,3,average,medium,never,0
23,24,False,2,average,medium,never,0
38,23,False,3,poor,high,never,0
39,22,True,0,average,low,sometimes,0
25,22,True,0,poor,low,often,1
24,15,False,1,average,medium,often,0
38,20,False,2,average,low,sometimes,0
27,31,False,3,average,low,sometimes,0
23,38,False,2,good,high,often,0
31,21,True,0,good,medium,never,0
21,17,False,1,good,medium,never,0
42,38,True,0,average,high,often,0
30,10,False,2,average,medium,never,0
37,16,False,1,average,low,often,0
34,21,False,2,good,medium,often,1
40,16,True,0,average,medium,sometimes,0
24,39,True,0,good,medium,often,0
21,34,True,0,good,medium,sometimes,0
31,5,False,1,average,low,sometimes,0
20,19,False,2,poor,medium,never,0
41,12,True,0,poor,high,never,0
22,12,True,0,good,high,never,0
33,14,False,2,poor,high,sometimes,0
43,25,True,0,good,high,never,0
40,36,False,3,average,medium,never,0
37,39,False,2,average,high,never,0
21,26,True,0,good,low,sometimes,0
41,37,True,0,average,medium,often,0
41,12,False,2,average,medium,often,0
19,27,True,0,average,low,sometimes,0
35,11,True,0,average,high,often,1
36,10,False,2,average,high,sometimes,0
36,39,False,3,poor,medium,sometimes,0
34,21,False,2,good,high,sometimes,0
31,6,False,2,good,low,never,0
36,31,True,0,average,medium,often,1
39,9,True,0,average,medium,never,0
41,24,False,3,average,medium,sometimes,0
30,31,False,1,average,high,sometimes,0
29,4,False,3,good,high,never,0
43,39,False,3,poor,high,never,0
23,24,True,0,poor,medium,sometimes,0
38,38,False,1,average,high,never,0
21,16,True,0,average,low,sometimes,0
36,13,False,1,average,high,sometimes,0
33,13,True,0,average,medium,sometimes,0
30,16,True,0,average,low,sometimes,0
21,27,True,0,average,medium,sometimes,0
40,5,False,2,poor,medium,sometimes,0
34,25,False,2,average,medium,sometimes,0
40,20,False,2,poor,medium,sometimes,0
18,39,False,2,poor,low,sometimes,0
35,17,True,0,average,low,often,0
37,13,True,0,poor,low,never,0
34,38,False,3,poor,medium,sometimes,0
44,28,True,0,poor,low,often,1
44,6,False,3,good,medium,never,0
32,20,True,0,good,medium,never,0
28,15,False,2,average,high,sometimes,0
42,27,True,0,good,high,never,0
39,32,False,2,average,medium,never,0
30,28,False,3,average,high,often,1
18,39,False,3,poor,high,sometimes,1
34,29,True,0,average,high,never,0
23,4,False,1,average,medium,often,0
21,23,False,2,average,low,often,0
37,31,False,2,average,medium,sometimes,0
33,19,False,3,average,medium,never,0
32,20,False,2,average,medium,often,0
44,31,False,2,good,medium,sometimes,0
32,15,False,3,average,high,sometimes,1
23,30,False,1,average,high,often,0
32,33,False,1,average,medium,sometimes,0
31,37,True,0,average,low,never,0
28,9,True,0,average,low,sometimes,0
24,10,False,2,poor,high,never,1
26,35,False,3,average,medium,sometimes,0
43,35,False,3,poor,medium,sometimes,0
33,28,False,2,average,medium,never,0
22,36,True,0,average,medium,sometimes,0
42,10,True,0,average,medium,never,0
37,15,False,3,poor,medium,never,1
27,19,True,0,average,high,sometimes,0
35,19,False,3,poor,high,never,0
20,39,True,0,good,high,sometimes,0
30,16,False,2,good,high,never,0
28,10,False,2,good,medium,sometimes,0
34,39,False,2,average,medium,often,0
39,12,False,3,average,high,sometimes,0
30,35,True,0,poor,high,sometimes,0
23,14,False,1,average,low,often,0
34,11,False,1,average,medium,never,0
44,36,True,0,average,low,never,0
30,26,False,3,good,medium,sometimes,0
36,28,False,2,poor,medium,never,0
38,11,False,3,good,medium,often,0
36,25,False,3,average,low,never,0
27,7,False,1,average,medium,sometimes,0
20,6,False,1,poor,high,sometimes,1
31,32,False,2,poor,medium,never,0
43,32,False,3,average,medium,sometimes,0
36,37,True,0,average,medium,never,0
22,37,True,0,poor,high,sometimes,0
22,31,True,0,average,low,never,0
37,16,False,1,good,high,often,1
34,18,False,2,good,medium,often,0
38,26,True,0,good,high,never,0
27,29,False,3,average,high,never,0
22,7,True,0,average,medium,sometimes,0
21,29,False,1,average,low,never,0
23,12,False,1,average,medium,often,0
43,8,False,2,poor,medium,sometimes,0
21,35,False,2,poor,low,never,0
24,23,False,1,average,low,often,0
24,14,True,0,poor,medium,sometimes,0
35,18,True,0,average,low,often,0
20,35,False,2,poor,low,often,1
18,31,False,1,poor,medium,never,0
41,25,False,2,average,low,never,0
42,20,False,2,average,medium,often,0
21,29,False,3,average,medium,often,0
23,10,False,2,poor,medium,never,0
26,29,False,2,poor,high,often,1
39,28,False,3,average,medium,sometimes,0
31,13,True,0,average,medium,never,0
29,22,False,3,average,medium,often,1
42,14,True,0,average,high,never,0
37,16,False,2,good,high,often,1
41,11,False,2,average,high,never,0
42,7,True,0,average,medium,sometimes,0
21,34,False,3,average,low,never,0
38,31,False,1,average,medium,sometimes,0
41,14,True,0,average,low,sometimes,0
29,4,True,0,average,high,never,0
27,27,False,3,average,medium,sometimes,0
39,34,False,1,poor,high,sometimes,0
24,29,False,3,poor,medium,never,0
20,8,False,2,average,high,often,1
40,23,False,2,good,medium,never,0
31,14,False,3,poor,low,sometimes,0
41,36,False,2,good,medium,sometimes,0
27,30,False,2,average,medium,sometimes,0
33,37,False,2,good,medium,never,0
33,18,True,0,good,high,sometimes,0
39,35,True,0,average,low,sometimes,0
27,24,False,1,poor,medium,sometimes,0
42,8,False,1,poor,medium,often,1
30,9,False,2,poor,medium,sometimes,0
23,25,True,0,average,high,never,0
29,21,True,0,poor,high,never,0
26,17,True,0,average,high,never,0
30,13,True,0,average,high,never,0
21,16,False,1,good,high,never,0
41,34,True,0,poor,medium,never,0
28,33,False,2,poor,high,never,0
37,6,False,3,poor,medium,never,0
35,33,True,0,good,medium,never,0
43,9,False,2,average,low,never,0
28,32,False,3,poor,high,never,0
42,11,True,0,poor,high,sometimes,0
38,36,False,1,poor,medium,sometimes,0
21,20,False,3,poor,high,never,1
35,14,False,1,good,high,sometimes,0
18,16,True,0,average,low,never,0
44,14,False,2,average,medium,never,0
24,34,False,3,good,high,never,0
23,31,True,0,poor,medium,sometimes,0
32,9,False,1,average,medium,sometimes,0
35,19,False,3,good,low,never,0
41,7,False,1,average,medium,never,0
28,38,True,0,average,high,often,1
37,29,False,3,poor,medium,never,0
41,15,True,0,poor,high,never,1
32,14,True,0,poor,high,often,1
33,28,True,0,average,high,often,1
24,21,True,0,average,medium,sometimes,0
38,22,True,0,good,low,sometimes,0
27,26,True,0,average,medium,never,0
43,21,False,2,good,low,never,0
29,29,True,0,good,high,sometimes,0
41,9,True,0,poor,medium,never,0
31,7,False,2,average,medium,sometimes,0
42,32,False,2,poor,medium,often,0
22,37,False,1,average,high,often,0
43,20,True,0,good,high,never,0
38,19,True,0,poor,medium,sometimes,0
35,5,True,0,average,high,sometimes,0
22,37,True,0,average,medium,often,0
20,11,True,0,average,medium,never,0
40,16,True,0,average,high,never,0
43,11,True,0,average,medium,never,0
22,33,True,0,poor,high,never,1
41,35,False,1,poor,low,never,0
34,39,True,0,poor,low,sometimes,0
36,33,True,0,average,high,sometimes,0
36,4,False,1,poor,low,never,0
42,20,False,1,good,high,sometimes,0
38,23,True,0,average,high,never,0
29,27,False,3,average,low,often,1
42,25,False,3,average,medium,often,0
26,32,True,0,average,low,often,0
18,25,False,3,good,medium,often,0
35,12,False,1,poor,low,never,0
38,13,True,0,poor,medium,never,0
21,39,True,0,average,medium,sometimes,0
27,31,False,2,poor,medium,often,1
42,31,False,1,poor,high,never,0
24,24,True,0,average,high,never,0
39,27,True,0,poor,high,often,1
40,5,True,0,average,medium,never,0
18,11,False,1,poor,high,sometimes,0
34,30,False,1,good,medium,sometimes,0
41,25,True,0,average,high,never,0
19,30,False,3,average,high,never,0
43,32,False,2,average,medium,sometimes,0
28,6,True,0,good,medium,sometimes,0
26,16,True,0,poor,high,often,1
24,13,False,3,good,high,never,0
39,39,False,1,average,high,never,0
34,12,False,1,average,medium,sometimes,0
34,30,False,1,average,medium,sometimes,0
19,37,True,0,poor,low,never,0
23,4,False,2,average,high,sometimes,1
31,35,False,2,average,low,never,0
23,28,True,0,poor,high,never,0
19,32,True,0,average,low,never,0
18,10,True,0,poor,low,never,0
27,6,True,0,poor,medium,sometimes,0
38,23,True,0,poor,high,sometimes,1
22,23,True,0,poor,low,sometimes,0
19,33,True,0,average,medium,often,0
39,38,True,0,poor,medium,never,0
33,38,False,1,good,medium,never,0
42,30,False,1,average,low,never,0
19,29,False,3,poor,high,never,1
27,17,False,3,average,medium,sometimes,0
19,20,False,3,good,low,sometimes,0
33,21,True,0,average,high,sometimes,0
33,32,False,2,poor,high,never,0
36,23,False,3,good,medium,never,0
24,30,False,2,average,medium,sometimes,0
39,21,False,3,poor,high,never,1
29,7,True,0,poor,high,sometimes,1
41,4,True,0,average,high,often,0
32,4,True,0,poor,medium,never,0
25,29,False,2,good,medium,sometimes,0
23,23,False,3,average,high,sometimes,0
44,26,True,0,good,low,never,0
27,13,False,1,average,medium,sometimes,0
20,14,False,1,poor,high,never,1
36,8,True,0,poor,medium,never,0
34,4,True,0,average,medium,sometimes,0
24,20,True,0,average,medium,often,0
38,25,True,0,average,low,never,0
37,37,True,0,poor,medium,never,0
43,32,True,0,poor,high,often,1
21,7,True,0,poor,medium,often,1
31,8,True,0,average,low,sometimes,0
37,14,False,1,poor,high,never,0
39,24,True,0,average,medium,often,0
32,38,False,3,average,medium,never,0
41,15,False,2,good,high,sometimes,0
25,29,False,3,average,high,never,0
38,22,True,0,poor,medium,sometimes,0
32,10,True,0,average,high,never,0
39,10,False,2,average,low,sometimes,0
37,29,False,2,average,high,never,0
31,8,False,1,good,medium,never,0
44,24,True,0,good,high,sometimes,0
26,17,True,0,poor,medium,often,1
25,7,False,1,poor,medium,often,0
43,26,False,3,average,medium,never,0
43,23,False,1,average,medium,sometimes,0
34,18,False,2,poor,high,sometimes,0
19,32,True,0,average,medium,never,0
42,11,False,1,average,medium,never,0
41,22,True,0,poor,medium,sometimes,0
20,31,True,0,average,medium,often,0
25,30,False,2,good,high,sometimes,0
29,7,False,1,poor,high,sometimes,1
18,18,True,0,average,medium,sometimes,0
27,38,True,0,average,high,never,0
37,4,False,2,good,high,sometimes,0
20,6,True,0,good,medium,sometimes,0
23,27,False,2,average,medium,never,0
24,30,True,0,average,high,often,1
37,39,False,2,average,medium,never,0
40,37,False,3,average,high,often,0
42,32,True,0,poor,medium,never,0
44,27,True,0,poor,medium,never,0
35,27,True,0,poor,medium,never,0
28,7,True,0,average,medium,sometimes,0
36,6,False,1,poor,high,never,0
22,37,True,0,good,medium,sometimes,0
36,26,False,1,poor,medium,sometimes,0
28,26,True,0,poor,high,sometimes,0
41,8,False,3,average,medium,never,0
29,34,False,1,average,medium,sometimes,0
27,9,False,3,poor,high,never,1
25,13,False,2,average,high,sometimes,0
41,10,False,1,good,low,never,0
26,24,True,0,poor,medium,often,1
21,23,False,2,average,medium,sometimes,0
22,6,False,2,good,medium,sometimes,0
38,25,False,3,poor,medium,sometimes,1
25,7,True,0,average,medium,never,0
40,31,False,2,average,low,never,0
26,15,False,2,average,medium,often,0
32,39,True,0,poor,low,often,1
32,8,True,0,poor,medium,never,0
33,16,False,3,average,high,sometimes,0
31,26,False,3,poor,high,sometimes,1
25,33,False,1,average,medium,sometimes,0
35,28,True,0,average,low,never,0
27,30,False,1,average,medium,never,0
37,17,True,0,good,medium,never,0
23,39,True,0,average,medium,often,0
29,19,True,0,poor,medium,sometimes,0
19,25,False,1,good,medium,sometimes,0
24,24,False,1,poor,high,often,1
33,24,False,3,poor,medium,sometimes,0
20,11,True,0,average,medium,often,0
30,19,False,2,average,high,sometimes,0
20,34,True,0,average,medium,never,0
44,13,False,3,poor,low,often,1
35,35,False,1,average,medium,sometimes,0
28,37,True,0,poor,medium,never,0
25,12,False,1,good,high,never,0
23,20,True,0,poor,medium,never,0
18,14,False,1,good,medium,sometimes,0
18,35,False,1,average,medium,often,0
40,13,True,0,good,low,often,1
25,25,False,3,average,high,often,1
22,20,True,0,average,high,never,0
33,7,False,2,average,medium,never,0
28,28,False,3,poor,medium,never,0
22,24,False,3,poor,medium,often,1
21,4,True,0,good,high,never,0
23,28,False,2,good,low,sometimes,0
31,39,False,2,average,low,sometimes,0
39,20,True,0,poor,medium,sometimes,0
36,27,True,0,average,medium,never,0
26,5,False,1,average,medium,often,0
29,18,False,3,average,low,often,0
28,35,False,1,average,medium,never,0
31,9,False,2,good,medium,sometimes,0
40,4,False,2,poor,medium,often,1
33,26,True,0,average,high,never,0
18,20,True,0,average,low,sometimes,0
30,37,True,0,average,medium,never,0
40,32,False,2,poor,medium,sometimes,0
38,12,True,0,poor,medium,never,0
38,16,False,1,good,medium,sometimes,0
30,9,False,2,average,high,never,0
19,9,False,1,average,low,sometimes,0
21,23,True,0,good,high,often,1
23,6,False,3,average,medium,often,1
43,20,True,0,poor,medium,often,1
44,15,False,3,average,medium,sometimes,0
40,4,True,0,average,medium,never,0
44,20,True,0,average,high,never,0
22,6,False,2,average,high,often,1
42,29,True,0,average,high,never,0
20,18,True,0,average,high,never,0
18,39,False,1,good,high,sometimes,0
21,35,False,1,poor,medium,never,0
42,35,False,3,poor,medium,never,0
37,7,False,3,average,medium,often,0
19,21,False,3,poor,low,often,0
43,22,True,0,poor,high,sometimes,1
22,38,True,0,good,medium,often,1
20,17,True,0,good,low,sometimes,0
26,36,False,1,average,low,sometimes,0
37,17,False,3,poor,medium,never,0
23,37,False,3,poor,medium,never,0
35,7,False,3,poor,medium,sometimes,0
23,27,False,1,poor,medium,often,1
36,32,True,0,good,medium,sometimes,0
29,22,False,2,poor,medium,never,0
42,9,False,3,average,medium,never,0
28,36,False,2,poor,low,often,0
19,22,True,0,good,medium,never,0
32,4,False,1,average,medium,sometimes,0
29,8,False,1,good,low,never,0
29,30,False,2,average,medium,never,0
26,19,False,3,average,low,sometimes,0
38,9,False,1,poor,medium,sometimes,0
41,16,False,3,average,medium,never,0
19,38,True,0,average,medium,never,0
39,22,False,2,average,high,often,1
20,15,False,2,poor,medium,never,0
29,19,False,2,poor,high,sometimes,0
43,13,False,2,average,medium,often,0
33,28,False,1,average,medium,never,0
38,23,False,1,average,medium,often,0
41,34,False,2,poor,medium,never,0
43,7,True,0,average,medium,sometimes,0
18,26,False,2,poor,medium,never,0
38,5,False,3,poor,low,often,1
20,25,True,0,average,low,never,0
37,11,False,3,poor,medium,never,0
19,10,False,2,poor,medium,often,1
26,17,False,3,average,medium,sometimes,0
36,6,False,1,poor,low,sometimes,0
32,19,True,0,poor,high,never,1
35,22,True,0,poor,high,sometimes,0
43,21,True,0,poor,high,never,0
28,19,False,1,poor,medium,never,0
42,11,True,0,average,high,sometimes,0
40,36,True,0,poor,high,never,1
33,15,True,0,poor,medium,often,1
39,14,False,2,average,medium,often,0
34,8,False,3,average,high,sometimes,0
22,30,True,0,good,medium,often,0
29,15,True,0,average,medium,sometimes,0
28,20,False,1,average,low,never,0
32,9,False,2,average,low,sometimes,0
44,36,True,0,average,high,never,0
20,8,False,3,average,medium,never,0
18,31,True,0,poor,medium,often,1
37,17,True,0,poor,low,sometimes,0
33,8,False,2,poor,medium,often,1
19,36,False,2,good,medium,never,0
19,22,False,1,average,medium,sometimes,0
20,25,True,0,average,high,never,0
25,8,False,1,average,low,sometimes,0
41,5,False,2,average,medium,sometimes,0
32,33,True,0,poor,medium,sometimes,0
24,7,False,3,poor,medium,never,0
23,36,True,0,good,high,never,0
26,16,False,2,average,high,never,0
37,23,True,0,average,high,sometimes,0
18,10,False,1,good,low,often,0
25,18,True,0,poor,low,never,0
40,26,False,1,good,medium,sometimes,0
40,17,False,2,average,medium,often,0
20,26,False,3,average,high,sometimes,0
21,22,True,0,average,high,sometimes,0
43,32,False,2,poor,high,often,1
42,23,True,0,poor,high,never,1
32,32,False,3,average,high,never,0
23,27,True,0,good,medium,never,0
32,21,True,0,average,medium,often,0
38,13,True,0,poor,medium,often,0
20,11,False,3,average,low,sometimes,0
42,29,False,2,poor,low,never,0
38,32,True,0,poor,medium,sometimes,0
38,13,False,3,average,high,never,0
31,20,False,2,average,low,never,0
37,5,False,1,poor,high,sometimes,0
31,9,False,3,poor,high,often,1
21,8,False,1,good,medium,often,0
29,31,False,3,poor,low,sometimes,0
34,8,True,0,average,low,never,0
24,21,True,0,average,high,never,0
26,29,False,3,poor,high,never,0
20,23,False,1,poor,high,sometimes,0
30,30,True,0,average,medium,often,0
32,15,True,0,average,low,never,0
35,10,False,1,average,low,sometimes,0
36,6,False,3,average,high,never,0
18,13,True,0,good,low,never,0
23,37,True,0,average,medium,sometimes,0
44,28,False,3,average,medium,never,0
44,38,False,2,average,low,sometimes,0
40,19,True,0,average,medium,often,0
44,5,True,0,average,medium,sometimes,0
44,27,True,0,average,medium,never,0
19,13,False,1,average,low,never,0
41,25,True,0,poor,high,sometimes,1
31,29,True,0,average,high,never,1
23,30,False,1,poor,medium,never,0
31,32,True,0,poor,high,sometimes,1
21,23,False,3,poor,medium,sometimes,0
38,30,True,0,average,medium,sometimes,0
25,23,True,0,average,high,never,0
20,22,True,0,poor,high,often,1
36,23,False,3,average,high,never,0
31,38,False,2,average,low,never,0
44,5,False,2,poor,low,sometimes,0
37,33,True,0,average,high,sometimes,0
34,37,False,3,average,medium,often,0
42,25,True,0,average,medium,sometimes,0
25,6,True,0,average,high,often,0
41,9,False,3,average,high,often,0
31,18,True,0,poor,high,sometimes,0
43,30,True,0,poor,medium,sometimes,0
23,13,True,0,poor,high,sometimes,0
40,12,True,0,good,low,often,0
39,36,True,0,poor,low,sometimes,0
33,35,False,2,poor,medium,never,0
42,9,False,3,good,low,sometimes,0
36,39,False,1,good,medium,never,0
31,5,False,2,average,medium,sometimes,0
36,32,True,0,poor,medium,never,0
20,7,True,0,poor,low,sometimes,0
27,4,True,0,average,medium,often,1
36,22,False,1,poor,medium,never,0
26,29,True,0,poor,medium,never,0
37,28,False,3,average,high,never,0
30,13,False,2,good,high,sometimes,0
24,18,False,1,average,medium,never,0
31,25,False,3,average,high,never,0
26,24,True,0,average,low,never,0
44,25,False,1,poor,medium,sometimes,1
40,39,False,2,average,high,never,0
42,37,True,0,poor,medium,sometimes,0
36,33,False,3,poor,high,never,0
32,28,False,1,average,medium,sometimes,0
37,31,False,2,poor,high,never,0
31,4,False,2,good,medium,sometimes,0
41,7,False,3,poor,medium,never,0
23,10,True,0,average,medium,sometimes,0
38,12,True,0,average,high,often,1
21,39,False,2,poor,medium,often,1
25,22,False,3,poor,high,sometimes,1
34,4,True,0,average,medium,sometimes,0
26,13,True,0,good,low,often,0
18,39,False,2,good,medium,sometimes,0
41,12,False,3,average,medium,never,0
37,35,False,2,average,high,often,1
42,35,True,0,average,medium,sometimes,0
31,9,True,0,average,medium,never,0
28,20,True,0,average,medium,never,0
38,13,False,2,average,medium,never,0
20,30,True,0,good,high,sometimes,0
26,38,False,2,average,medium,never,0
44,24,True,0,good,medium,never,0
31,28,False,2,average,high,never,0
26,31,False,1,poor,high,sometimes,0
21,18,False,1,poor,medium,sometimes,0
44,7,True,0,average,medium,never,0
21,32,True,0,average,medium,never,0
25,12,True,0,good,medium,never,0
19,30,False,1,poor,high,often,1
26,29,False,3,good,medium,sometimes,0
31,22,False,2,good,medium,sometimes,0
39,31,False,2,poor,medium,never,0
26,20,False,2,good,medium,sometimes,0
41,23,True,0,good,low,sometimes,0
40,26,False,3,average,low,never,0
33,35,False,1,average,medium,never,0
34,36,True,0,good,low,never,0
33,8,False,2,average,low,often,0
29,37,True,0,average,medium,often,0
20,14,True,0,good,low,sometimes,0
28,6,False,3,average,low,sometimes,0
31,36,True,0,average,medium,never,0
35,14,False,1,poor,medium,sometimes,0
38,19,True,0,average,medium,sometimes,0
38,21,True,0,poor,low,never,0
22,33,True,0,good,high,often,0
33,13,True,0,average,high,never,0
37,21,False,2,poor,high,never,1
22,22,True,0,average,medium,sometimes,0
20,39,False,2,poor,high,sometimes,1
29,16,False,3,average,medium,sometimes,0
18,6,False,1,good,low,never,0
38,13,False,1,good,medium,often,0
26,4,False,2,poor,high,sometimes,1
26,30,True,0,poor,medium,sometimes,0
21,11,True,0,good,low,often,0
20,20,True,0,good,high,sometimes,0
34,12,False,1,average,high,never,1
19,9,True,0,average,low,sometimes,0
41,28,False,2,average,medium,never,0
18,31,False,1,good,low,never,1
25,36,True,0,average,high,sometimes,0
30,12,False,1,poor,medium,often,1
40,21,True,0,poor,medium,never,0
32,24,True,0,good,high,sometimes,0
25,5,False,3,poor,medium,never,0
29,39,False,1,average,medium,sometimes,0
39,18,False,1,average,medium,sometimes,0
29,31,False,1,poor,medium,sometimes,0
31,21,True,0,poor,medium,never,0
32,37,False,3,good,low,sometimes,0
32,25,False,2,good,medium,often,0
26,14,False,3,good,medium,sometimes,0
36,16,True,0,good,medium,sometimes,0
43,7,False,2,average,high,often,1
37,25,True,0,good,high,never,0
39,10,True,0,average,medium,sometimes,0
25,27,False,3,average,medium,often,0
38,7,True,0,good,medium,never,0
36,31,False,3,poor,high,sometimes,1
23,18,False,3,average,medium,never,0
